<?xml version="1.0" encoding="utf-8"?>
<doc>
  <assembly>
    <name>Xceed.Wpf.ListBox.Themes.WMP11.NETCore</name>
  </assembly>
  <members>
    <member name="T:Xceed.Wpf.ListBox.Themes.WMP11.WMP11ThemeResourceDictionary">
      <summary>Represents the Windows Media Player resource dictionary.</summary>
    </member>
    <member name="M:Xceed.Wpf.ListBox.Themes.WMP11.WMP11ThemeResourceDictionary.#ctor">
      <summary>Initializes a new instance of the WMP11ThemeResourceDictionary class.</summary>
    </member>
    <member name="M:Xceed.Wpf.ListBox.Themes.WMP11.WMP11ThemeResourceDictionary.UpdateResources">
      <summary>Updates the resources.</summary>
    </member>
  </members>
</doc>