<?xml version="1.0" encoding="utf-8"?>
<doc>
  <assembly>
    <name>Xceed.Wpf.AvalonDock.Themes.Office2007.NETCore</name>
  </assembly>
  <members>
    <member name="T:Xceed.Wpf.AvalonDock.Themes.Office2007BlackTheme">
      <summary>Represents the Office 2007 Black theme for AvalonDock.</summary>
    </member>
    <member name="T:Xceed.Wpf.AvalonDock.Themes.Office2007BlueTheme">
      <summary>Represents the Office 2007 Blue theme for AvalonDock.</summary>
    </member>
    <member name="T:Xceed.Wpf.AvalonDock.Themes.Office2007SilverTheme">
      <summary>Represents the Office 2007 Silver theme for AvalonDock.</summary>
    </member>
    <member name="T:Xceed.Wpf.AvalonDock.Themes.Office2007.Office2007BlackResourceDictionary">
      <summary>Represents the Office 2007 Black resource dictionary.</summary>
    </member>
    <member name="T:Xceed.Wpf.AvalonDock.Themes.Office2007.Office2007BlueResourceDictionary">
      <summary>Represents the Office 2007 Blue resource dictionary.</summary>
    </member>
    <member name="T:Xceed.Wpf.AvalonDock.Themes.Office2007.Office2007SilverResourceDictionary">
      <summary>Represents the Office 2007 Silver resource dictionary.</summary>
    </member>
  </members>
</doc>